,fromStnCode,fromArrival,fromDeparture,trainNumber,toStnCode,toArrival,toDeparture,journey_time,classCode,price
0,MMCT,,2023-11-21 17:00:00,12951,NDLS,2023-11-22 08:32:00,,0 days 15:32:00,3A,2869.574468085106
1,MMCT,,2023-11-21 17:10:00,12953,NZM,2023-11-22 09:43:00,,0 days 16:33:00,3A,2869.574468085106
2,BDTS,,2023-11-21 17:30:00,12909,NZM,2023-11-22 10:15:00,,0 days 16:45:00,3A,1607.7193419740777
3,CSMT,,2023-11-21 16:00:00,22221,NZM,2023-11-22 09:55:00,,0 days 17:55:00,3A,3109.1304347826085
4,PNVL,2023-11-21 19:45:00,2023-11-21 19:50:00,12449,NDLS,2023-11-22 14:10:00,2023-11-22 14:25:00,0 days 18:20:00,SL,607.6344086021505
5,MMCT,,2023-11-21 18:45:00,12903,NZM,2023-11-22 13:50:00,2023-11-22 14:05:00,0 days 19:05:00,SL,586.6551724137931
6,PNVL,2023-11-21 12:35:00,2023-11-21 12:40:00,12617,NZM,2023-11-22 13:35:00,,1 days 00:55:00,SL,644.2471910112359
7,CSMT,,2023-11-21 19:35:00,12137,NDLS,2023-11-22 21:25:00,2023-11-22 21:40:00,1 days 01:50:00,SL,644.2471910112359
8,CSMT,,2023-11-21 23:30:00,11057,NDLS,2023-11-23 03:40:00,2023-11-23 03:55:00,1 days 04:10:00,SL,644.2471910112359
